Company,Website,Industry,Employees,Revenue,Decision Maker,Title,Location,LinkedIn,Priority Score,Email,Source,Status
,Management Consulting,5-50,1M-10M,CEO/Managing Partner/Founder,US/UK/CA/AU,,,,,,
,Management Consulting,5-50,1M-10M,CEO/Managing Partner/Founder,US/UK/CA/AU,,,,,,
,Management Consulting,5-50,1M-10M,CEO/Managing Partner/Founder,US/UK/CA/AU,,,,,,
,Management Consulting,5-50,1M-10M,CEO/Managing Partner/Founder,US/UK/CA/AU,,,,,,
,Management Consulting,5-50,1M-10M,CEO/Managing Partner/Founder,US/UK/CA/AU,,,,,,
,Management Consulting,5-50,1M-10M,CEO/Managing Partner/Founder,US/UK/CA/AU,,,,,,
,Management Consulting,5-50,1M-10M,CEO/Managing Partner/Founder,US/UK/CA/AU,,,,,,
,Management Consulting,5-50,1M-10M,CEO/Managing Partner/Founder,US/UK/CA/AU,,,,,,
,Management Consulting,5-50,1M-10M,CEO/Managing Partner/Founder,US/UK/CA/AU,,,,,,
,Management Consulting,5-50,1M-10M,CEO/Managing Partner/Founder,US/UK/CA/AU,,,,,,
